<?xml version="1.0" encoding="UTF-8"?>
<extension client="site" type="language" method="upgrade">
	<name>Scottish Gaelic</name>
	<tag>gd-GB</tag>
	<version>5.3.1</version>
	<creationDate>2025-06-18</creationDate>
	<author>Clifford E Ford</author>
	<authorEmail>cliff@ford.myzen.co.uk</authorEmail>
	<authorUrl>https://jdocmanual.org/</authorUrl>
	<copyright>(C) 2025 Clifford E Ford. All rights reserved.</copyright>
	<license>GNU General Public License version 2 or later; see LICENSE.txt</license>
	<description><![CDATA[Scottish Gaelic translation created by openai.com]]></description>

	<files>
		<folder>/</folder>
		<filename file="meta">langmetadata.xml</filename>
		<filename file="meta">install.xml</filename>
	</files>
</extension>
