<?xml version="1.0" encoding="UTF-8"?>
<extension type="package" method="upgrade">
	<name>Scottish Gaelic Language Pack</name>
	<packagename>gd-GB</packagename>
	<version>5.3.1</version>
	<creationDate>2025-06-18</creationDate>
	<author>Clifford E Ford</author>
	<authorEmail>cliff@ford.myzen.co.uk</authorEmail>
	<authorUrl>https://jdocmanual.org/</authorUrl>
	<copyright>(C) 2025 Clifford E Ford. All rights reserved.</copyright>
	<license>GNU General Public License version 2 or later; see LICENSE.txt</license>
	<url></url>
	<packager></packager>
	<packagerurl></packagerurl>
	<description><![CDATA[Scottish Gaelic translation created by openai.com]]></description>
	<blockChildUninstall>true</blockChildUninstall>
	<scriptfile>script.php</scriptfile>
	<files>
		<file type="language" client="site" id="gd-GB">site_gd-GB.zip</file>
		<file type="language" client="administrator" id="gd-GB">admin_gd-GB.zip</file>
		<file type="language" client="api" id="gd-GB">api_gd-GB.zip</file>
	</files>
	<updateservers>
		<server type="collection" priority="1" name="Accredited Joomla! Translations"></server>
	</updateservers>
</extension>
